{
    "loss": 0.6614118218421936,
    "accuracy": 0.9482758641242981
}